{
  "u8": 200,
  "i8": -100,
  "u16": 50000,
  "i16": -20000,
  "u32": 3000000000,
  "i32": -1000000000,
  "u64": 10000000000000,
  "i64": -5000000000000,
  "nested": {
    "f32": 3.14,
    "f64": 3.14159265,
    "str": "Hello, World!",
    "bytes_field": [222, 173, 190, 239]
  },
  "arrays": {
    "u8": [0, 64, 128, 191, 255],
    "i8": [-128, -64, 0, 63, 127],
    "u16": [0, 16384, 32768, 49151, 65535],
    "i16": [-32768, -16384, 0, 16383, 32767],
    "u32": [0, 1073741824, 2147483648, 3221225471, 4294967295],
    "i32": [-2147483648, -1073741824, 0, 1073741823, 2147483647],
    "u64": [0, 4611686018427387904, 9223372036854775808, 13835058055282163711, 18446744073709551615],
    "i64": [-9223372036854775807, -4611686018427387904, 0, 4611686018427387903, 9223372036854775807],
    "nested": {
      "fp32": [1.0, 2.0, 3.0, -3.4028234663852886e38, 3.4028234663852886e38],
      "fp64": [1.0, 2.0, 3.0, -1.7976931348623157e308, 1.7976931348623157e308]
    }
  },
  "string_array": [
    "Hello, Sofab!",
    "",
    "1234567890",
    "äöüÄÖÜß",
    "This_is_a_very_long_test_string_with_!@#$%^&*()_+-=[]{}"
  ]
}
